,name,Happiness Score,Freedom,Trust,GDP,Adult Mortality,Infant Deaths,Under 5Y/O Deaths,Hepatitis B,HIV/AIDS,Population,Life Expectancy,region,subregion,Literacy Rate(%),gini,area,Inflation(%),Change forest %,Forest area %,FemaleSuicide %,MaleSuicide %,Homicide %,Prison population,Gender Inequality,Suicide %,Density,Adult Mortality per Population
0,Afghanistan,3.512799982070922,0.117923904097557,0.0580935660119057,0.35711344353485097,269.0625,78.25,107.5625,64.5625,0.10000000000000002,27451156.1875,58.193749999999994,Asia,Southern Asia,28.1,27.8,652230.0,6.8,0.0,2.067824648,5.3,6.2,6.5,76.0,0.6933503788083194,11.5,42.08815323965472,0.00980149973145826
1,Albania,4.712600010681152,0.37189772696304324,0.043200843199968336,0.9386325506629944,45.0625,0.6875,0.9375,98.0,0.10000000000000002,2968697.8125,75.15624999999999,Europe,Southern Europe,98.7,34.5,28748.0,1.7,-1.898605838825962,28.248905109000003,5.2,6.6,5.0,158.0,0.2173959474247256,11.8,103.26623808612773,0.015179214203028622
2,Algeria,5.667600043487548,0.17843716158390038,0.14609922206878662,1.012962893333436,108.1875,20.3125,23.5,78.0,0.10000000000000002,34821374.6875,73.61874999999999,Africa,Northern Africa,79.0,35.3,2381741.0,3.9,-11.553689155954928,0.619043221,1.5,2.3,0.7,162.0,0.4131178592708443,3.8,14.620134887672505,0.0031069278846948168
3,Angola,3.872250019073488,0.027432500000000005,0.07157008382618428,0.7983795450544358,328.5625,83.75,132.625,70.22222222222223,2.36875,21622864.125,49.01875,Africa,Middle Africa,70.4,58.6,1246700.0,8.9,-4.502755173980387,46.707628138000004,7.3,20.7,10.0,105.0,0.4073482129411909,28.0,17.34407967032967,0.015195142424269385
4,Argentina,6.4593999954223635,0.4816198407802582,0.06430797754287719,1.1110350925216683,106.0,10.125,11.375,81.28571428571429,0.10000000000000002,39914105.9375,75.15624999999999,Americas,South America,97.9,44.5,2780400.0,20.8,-16.878682476433482,10.567656549,4.1,17.2,5.5,147.0,0.375609703713864,21.299999999999997,14.35552652046468,0.0026557027274012202
5,Armenia,4.39319998550415,0.2160286534719468,0.03876688430082798,0.8391333475723265,117.375,1.0,1.0,87.5625,0.10000000000000002,2950902.375,73.39999999999999,Asia,Western Asia,99.4,30.9,29743.0,4.900840336134454,-26.890756110645015,8.907622058,0.9,5.0,1.8,164.0,0.3175741862592817,5.9,99.21334011364019,0.03977596852894871
6,Australia,7.276199983978271,0.6050434764595031,0.3145727460727692,1.3948849870224,63.1875,1.0,1.375,93.4,0.10000000000000002,21289153.0625,81.81250000000001,Oceania,Australia and New Zealand,99.0,30.5,7692024.0,2.4,-4.56181232106,19.193731044,5.2,16.1,1.1,130.0,0.1101301029569508,21.3,2.7676919706048757,0.0029680607685282833
7,Austria,7.142000008392334,0.576929237915039,0.21426007308769224,1.398341452667236,65.75,0.0,0.0,81.0625,0.10000000000000002,8296243.5625,81.48124999999999,Europe,Western Europe,98.0,26.0,83871.0,2.1,3.255795277523399,47.288524312,5.4,18.2,0.9,98.0,0.05284976010522857,23.6,98.91671212337995,0.007925273589748228
8,Azerbaijan,5.22920004119873,0.38054516765022284,0.1757555014209748,1.073644353126526,115.1875,6.0625,7.1875,59.214285714285715,0.10000000000000002,8760319.5,70.73124999999999,Asia,Western Asia,99.8,33.7,86600.0,2.4,0.6678119361544611,11.323767814000002,1.0,2.4,2.1,413.0,0.3030003365078938,3.4,101.15842378752887,0.01314877842069573
9,Bahrain,6.113799978637696,0.5190833838310243,0.21075243391418463,1.390482452201844,65.375,0.0,0.0,98.125,0.10000000000000002,1045686.3125,75.72500000000001,Asia,Western Asia,82.42480620155038,39.808800000000005,765.0,4.900840336134454,154.21052663173685,0.736842105,2.9,11.6,0.5,275.0,0.26486260254652194,14.5,1366.9102124183007,0.06251874890061736
10,Bangladesh,4.580199960327148,0.47826733188247683,0.1324475718774796,0.5239965950584413,141.375,153.625,201.5625,77.61538461538461,0.10000000000000002,142890426.4375,69.3,Asia,Southern Asia,57.7,32.1,147570.0,7.6,-3.8286479516035814,11.03787355,8.7,6.8,2.7,42.0,0.5033922826167625,15.5,968.2891267703462,0.0009893944858638739
11,Belarus,5.597999953460694,0.30153805237579345,0.1635567643346786,1.085019511993408,218.75,0.5625,0.875,88.9375,0.10000000000000002,9626469.875,69.90625,Europe,Eastern Europe,99.6,26.5,207600.0,19.0,11.884267973554044,42.913607018,6.4,32.7,5.1,335.0,0.15072708097560714,39.1,46.37027878131021,0.022723802478008585
12,Belgium,6.92139995880127,0.5387621444778443,0.23784462621307378,1.3753981521530159,70.1875,0.25,1.0,74.5,0.10000000000000002,10719378.625,80.68124999999999,Europe,Western Europe,99.0,33.0,30528.0,1.3,2.0722593423752635,22.453104359,7.7,21.0,1.6,108.0,0.06330685691645578,28.7,351.132685567348,0.006547720950569558
13,Belize,5.955999950408937,0.5509397907447813,0.09776369053840638,0.8637117720158893,155.5,0.0,0.0,94.75,0.43125,303564.5,69.26875,Americas,Central America,76.9,53.1,22966.0,1.3,-13.379571251820645,60.227970189,0.5,4.9,44.7,476.0,0.4257496747263512,5.4,13.217996168248716,0.5122469854017845
14,Benin,3.90100001296997,0.4193865551891326,0.07136780305576325,0.3767450815467834,269.375,25.0,39.25,62.57142857142857,1.7062500000000005,8628806.25,57.568749999999994,Africa,Western Africa,42.4,38.6,112622.0,2.4,-22.565526811899584,39.561901383,3.1,8.8,8.4,75.0,0.6142885779395195,11.9,76.61741267247962,0.03121810737145709
15,Bhutan,5.124800031280518,0.49846753612518324,0.1654860779619216,0.8235072777023316,230.25,0.6875,0.9375,94.125,0.3562499999999999,664740.5,66.1625,Asia,Southern Asia,52.8,38.1,38394.0,11.0,32.093286353902315,85.804234331,11.2,23.1,1.7,135.0,0.4574337891801014,34.3,17.31365577954889,0.34637576618244265
16,Bosnia and Herzegovina,5.161800032043457,0.17679263538074502,0.0016539999999999999,0.9216938835258484,64.9375,0.0,0.0,71.66666666666667,0.10000000000000002,3687617.5625,75.96875000000001,Europe,Southern Europe,82.42480620155038,36.2,51209.0,4.900840336134454,-1.131221711625474,42.843137255,4.1,18.0,1.3,78.0,0.2006542392144438,22.1,72.01112231248413,0.017609608073342612
17,Botswana,3.830000006484986,0.4906072665863038,0.10460263981676102,1.0535808308715822,448.125,2.0,3.125,87.3125,16.525000000000002,1888505.3125,56.05,Africa,Southern Africa,85.1,61.0,582000.0,6.1,-18.98090100358997,19.611102289,2.0,5.7,18.4,205.0,0.4800711400026035,7.7,3.2448544888316153,0.23729083367352188
18,Brazil,6.6578000457763675,0.4430387493591308,0.1203925522317886,1.033226642089844,150.6875,68.25,77.25,96.1875,0.10000000000000002,190529267.8125,73.38125,Americas,South America,88.6,54.7,8515767.0,6.5,-10.386525620741217,61.632516325,2.5,9.4,25.2,274.0,0.45686587422578,11.9,22.373706069283013,0.0007908889890255164
19,Bulgaria,4.6186000450134275,0.2954583435173034,0.007784306189954282,1.0865358176651,125.5,0.9375,1.0,94.5,0.10000000000000002,7560491.0625,72.85,Europe,Eastern Europe,98.4,28.2,110879.0,1.5,23.666496001741532,37.190493736,5.3,16.6,1.9,151.0,0.21159376371699132,21.900000000000002,68.18686191704471,0.016599450877268992
20,Burkina Faso,4.07380001296997,0.32399957020378123,0.12299562119722363,0.31465954271698,252.5,44.75,79.9375,81.1,1.8375,14618284.9375,55.64374999999999,Africa,Western Africa,28.7,39.8,272967.0,2.1,-19.24930628194551,20.208333333,2.8,7.3,8.0,28.0,0.6312579490638839,10.1,53.55330474929204,0.01727288810414871
21,Burundi,3.078999994277954,0.10132015064001083,0.10699158900928499,0.062446513733387,291.5625,23.25,35.5625,93.33333333333333,3.0875000000000004,8089542.6875,55.537499999999994,Africa,Eastern Africa,67.2,33.3,27834.0,9.3,-41.7301037988799,6.557632399,12.5,34.1,8.0,72.0,0.4915585806632429,46.6,290.63529092117557,0.03604190141063521
22,Cambodia,4.205400044250488,0.6378711646995544,0.06969919019031524,0.5482370192375183,196.375,16.75,20.5,79.6,1.0250000000000001,13811614.3125,64.34375,Asia,South-Eastern Asia,73.6,37.9,181035.0,3.2,-23.986402967691657,55.739859506,6.5,12.6,6.5,106.0,0.4774960765343914,19.1,76.29250869997514,0.014218106265990477
23,Cameroon,4.695800034332276,0.43716774972915645,0.05008532628321649,0.5191550730171204,294.875,54.9375,86.1875,76.81818181818181,6.212500000000001,19148813.375,54.01875,Africa,Middle Africa,75.9,38.9,475442.0,2.6,-19.90458956936461,41.200736180999996,3.4,10.9,7.6,119.0,0.5873086640170306,14.3,40.27581361133429,0.015399126526815398
24,Canada,7.350599996948242,0.6109541824188232,0.3058463032455444,1.388128883255004,64.625,2.0,2.0,28.846153846153847,0.10000000000000002,33157068.4375,81.6875,Americas,Northern America,82.42480620155038,32.6,9984670.0,4.900840336134454,1.1728462645521631e-08,34.104982564000004,4.8,14.9,1.6,118.0,0.12922734232879285,19.7,3.320797626511442,0.0019490565072668
25,Central African Republic,3.1342500195503225,0.3224080113863945,0.0531137690281868,0.032125,333.0625,16.5,24.5,42.57142857142857,8.981250000000001,4163636.6875,48.51250000000001,Africa,Middle Africa,56.6,56.3,622984.0,7.0,-2.835840191419836,36.188962728,5.3,14.1,11.8,19.0,0.6548756789400607,19.4,6.683376599559539,0.079993170633719
26,Chad,4.003400021743774,0.17768440536594401,0.058758376453638086,0.3820165974750518,227.75,44.875,78.125,29.875,4.3375,11085623.125,50.3875,Africa,Middle Africa,35.4,39.8,1284000.0,4.5,-13.298245611675995,9.02684244,2.3,7.4,7.3,41.0,0.7064549289053773,9.7,8.633662869937694,0.020544627706708184
27,Chile,6.5893999900817875,0.396821055738449,0.08849759642124175,1.1733269219589242,63.625,2.0,2.1875,77.2,0.10000000000000002,16629102.5,79.44999999999999,Americas,South America,97.5,52.1,756102.0,4.900840336134454,6.8348293273005725,21.930730621,5.8,19.0,3.1,266.0,0.33759136930305744,24.8,21.993199991535533,0.003826123508469564
28,China,5.218999952697754,0.5095755416088104,0.056210854922652244,1.003417158111572,73.75,294.875,350.0,80.4375,0.10000000000000002,1319581875.0,74.2625,Asia,Eastern Asia,82.42480620155038,47.0,9640011.0,4.900840336134454,35.158044604833314,22.622763805,8.7,7.1,1.0,121.0,0.19068551415955734,15.799999999999999,136.88593042061882,5.588891557032033e-05
29,Colombia,6.339999974822997,0.49209948301506046,0.04497174837040903,0.9929104649887082,124.25,13.875,16.375,79.0,0.10000000000000002,43803879.625,73.28750000000001,Americas,South America,94.2,55.9,1141748.0,4.900840336134454,-3.554119549888013,54.346101848,1.9,9.1,30.8,245.0,0.4285348375990313,11.0,38.365628514348174,0.002836506744692252
30,Comoros,3.9616666666666673,0.17509666666666668,0.15379,0.26271666666666665,240.9375,1.6875,2.0,76.46153846153847,0.28124999999999994,653547.9375,61.581250000000004,Africa,Eastern Africa,75.5,64.3,1862.0,4.900840336134454,-81.66666666614972,1.1821601290000001,10.3,24.0,10.0,16.0,0.4284973232047009,34.3,350.9924476369495,0.3686607916194365
31,Costa Rica,7.126199999237061,0.5912283299942016,0.10108131789922718,1.0356552565231318,69.375,1.0,1.0,79.3125,0.10000000000000002,4424359.8125,78.59374999999999,Americas,Central America,96.3,50.7,51100.0,5.6,3.377535109733243,51.911476693999994,2.2,11.2,8.5,314.0,0.3492385806836717,13.399999999999999,86.58238380626223,0.015680234641856448
32,Croatia,5.458600044250488,0.28593445852279664,0.03368462200903892,1.152317246681214,89.0,0.0,0.0,96.22222222222223,0.10000000000000002,4297863.3125,76.11875,Europe,Southern Europe,98.9,33.7,56594.0,2.2,4.058292614024905,34.431736955,4.5,19.8,1.2,108.0,0.1488897429987902,24.3,75.94203117821677,0.020707964290337118
33,Cyprus,5.732799962615966,0.37718030787277224,0.04619559528040886,1.2749276153945919,54.125,0.0,0.0,92.625,0.10000000000000002,1064416.0,79.675,Europe,Southern Europe,98.7,39.808800000000005,9251.0,0.2,7.579143355918027,18.756493505999998,1.5,7.7,2.0,106.0,0.12387916377589535,9.2,115.05956112852665,0.050849479902594474
34,Denmark,7.545999967193604,0.6259593444900512,0.42937401363372796,1.396728602554322,66.0625,0.0,0.0,78.68566980093698,0.10000000000000002,5491000.125,79.25625000000001,Europe,Northern Europe,99.0,24.0,43094.0,0.8,23.029973966129113,12.915390054000001,4.1,13.6,0.8,73.0,0.048432247057987536,17.7,127.41913317399174,0.012031050536535911
35,Djibouti,4.369,0.46074,0.28105,0.44025,274.6875,1.4375,1.875,78.0,3.28125,813389.0,60.75625,Africa,Eastern Africa,67.9,40.0,23200.0,2.5,0.0,0.241587575,9.5,20.9,10.1,83.0,0.3860580497946242,30.4,35.05987068965517,0.3377074192053249
36,Dominican Republic,5.199400003814698,0.545379966747284,0.1174010506386756,0.9999227673034661,143.5,6.4375,7.8125,65.125,1.41875,9390224.875,72.34374999999999,Americas,Caribbean,90.1,47.2,48671.0,5.0,-4.900613248537411e-09,40.811258278000004,2.1,6.1,22.1,240.0,0.4773406583852093,8.2,192.9326472642847,0.015281849147409262
37,Ecuador,5.991999979400633,0.47952763971138,0.1416809294977188,0.9277800796661382,132.125,7.375,8.75,78.0625,0.19374999999999998,14424856.625,74.72500000000001,Americas,South America,91.6,49.3,276841.0,2.6,-23.603363445349913,38.129328394,5.3,13.2,12.4,149.0,0.4072687638663134,18.5,52.10520343807456,0.009159536447039037
38,Egypt,4.37520002670288,0.23929203092575083,0.09111027309560779,0.9246903614997863,170.625,56.25,67.625,96.6875,0.10000000000000002,79615764.75,71.5,Africa,Northern Africa,73.9,30.8,1002450.0,9.0,61.81818264086776,0.071525441,1.2,2.4,3.4,80.0,0.5726109319181881,3.5999999999999996,79.42118285201256,0.00214310570947571
39,El Salvador,6.124199956512452,0.41992850593376163,0.09397419197845457,0.8296048991661072,155.0625,2.5625,2.875,86.0625,0.28750000000000003,6115026.375,71.74375,Americas,Central America,84.5,48.3,21041.0,0.9,-26.206896529550534,13.426640927000001,5.7,23.5,41.2,422.0,0.4268991305713337,29.2,290.62432275081983,0.02535761752949103
40,Estonia,5.637800012207032,0.47822428607749934,0.1710557844457626,1.2378518680343622,169.6875,0.0,0.0,86.83333333333333,0.10000000000000002,1346321.8125,74.94375,Europe,Northern Europe,82.42480620155038,36.0,45227.0,3.4,5.071770337616366,51.804670913,3.8,24.9,5.0,238.0,0.16377023067616214,28.7,29.768098978486304,0.12603784505645452
41,Ethiopia,4.4232000076293945,0.401274548488617,0.1467271427736282,0.29335876909446723,285.5625,187.75,288.5,64.11111111111111,2.7249999999999996,82463673.625,59.11250000000001,Africa,Eastern Africa,39.0,29.8,1104300.0,8.4,-20.95695012039404,12.0144,6.7,16.5,12.0,136.0,0.5582853147797511,23.2,74.67506440731685,0.003462888414340879
42,Finland,7.537799972534181,0.6215361713371277,0.39847430858802796,1.356960385032654,68.875,0.0,0.0,78.68566980093698,0.10000000000000002,5312810.3125,80.7125,Europe,Northern Europe,100.0,26.9,338424.0,1.3,1.4575260496116682,72.911250782,7.5,22.2,1.6,58.0,0.07472006409392695,29.7,15.698680686062454,0.012963948635235601
43,France,6.515199982452392,0.4883904231033326,0.18320848565864561,1.3441166923828118,73.125,2.9375,3.4375,51.25,0.10000000000000002,63988317.5625,82.21875,Europe,Western Europe,99.0,32.7,640679.0,0.7,10.40893277905537,29.311802703,6.0,19.3,1.0,98.0,0.08838640965976086,25.3,99.87578422657836,0.0011427867271018
44,Gabon,4.407800030517578,0.3126897154083252,0.07741935744047164,1.1019920478820802,220.4375,2.0,3.0,57.63636363636363,8.0,1533511.5,62.243750000000006,Africa,Middle Africa,82.3,41.5,267668.0,7.0,-2.3424595596566174e-09,85.380525478,4.5,12.1,9.1,196.0,0.5136893374647612,16.6,5.729155147421433,0.1437468841935649
45,Gambia,4.516,0.382,0.16699999999999998,0.308,249.625,3.0,5.6875,95.375,2.34375,1678315.9375,59.462500000000006,Africa,Western Africa,52.0,39.808800000000005,11295.0,4.900840336134454,9.411764701437878,47.786561265,2.6,7.6,10.2,56.0,0.6224041107104772,10.2,148.58928176184153,0.14873540459363002
46,Georgia,4.338799954986572,0.3521580071220398,0.2665553270549774,0.8538865328445434,114.9375,1.1875,1.25,77.25,0.10000000000000002,3855581.5625,73.50625,Asia,Western Asia,99.7,41.3,69700.0,3.3,-1.5048578513585098,39.389552454000004,1.0,5.7,4.3,225.0,0.38159677103871337,6.7,55.316808644189386,0.02981067788006365
47,Germany,6.92900004272461,0.5585882768974304,0.2651343876247406,1.395342676742554,71.25,2.5,3.25,77.4375,0.10000000000000002,81813591.5625,81.175,Europe,Western Europe,99.0,28.3,357114.0,1.6,3.2934473690835016,31.77827509,4.1,14.5,0.8,79.0,0.040728954602423206,18.6,229.0965673776441,0.000870882192545842
48,Ghana,4.536399977111816,0.42723525870323176,0.03409727397441864,0.6093749648857116,180.0625,40.3125,59.8125,67.5,2.2875,23377643.25,60.8625,Africa,Western Africa,71.5,42.8,238533.0,11.0,-36.77228786698606,20.696141338,2.2,4.2,6.1,54.0,0.5537340192983267,6.4,98.00590798757405,0.007702337574169287
49,Greece,5.152400047302247,0.08578825018835068,0.035305955378294,1.2054814962234501,73.625,0.1875,0.4375,88.9375,0.10000000000000002,10977746.125,81.21875,Europe,Southern Europe,97.3,34.3,131990.0,-0.8,20.139436193791216,30.747866563000002,1.3,6.3,1.7,111.0,0.1463849240972116,7.6,83.17104420789454,0.006706750107140048
50,Guatemala,6.34379999923706,0.5502861235847474,0.08159065571641923,0.8066143891944886,131.1875,13.125,16.125,87.0909090909091,0.375,13597829.625,71.73125,Americas,Central America,71.0,55.9,108889.0,3.8,-25.345408585411143,33.077640910999996,4.3,13.7,39.9,105.0,0.533192437921318,18.0,124.87789974193903,0.009647679344268884
51,Guinea,3.853599993896484,0.35227350259399415,0.1063055235438346,0.2733739860191346,259.875,30.8125,48.375,58.666666666666664,2.19375,9706356.3125,56.0125,Africa,Western Africa,41.0,39.4,245857.0,15.2,-10.90308370856946,26.338922351,2.4,7.1,8.9,25.0,0.4916492473689407,9.5,39.479682549205435,0.02677369258177024
52,Haiti,3.8655999851226803,0.08926797146523,0.1260764299054146,0.3228620525741578,168.3125,17.0,24.8125,40.666666666666664,2.7375,9574986.125,59.868750000000006,Americas,Caribbean,48.7,59.2,27750.0,6.3,-14.310344824022415,3.606676343,2.4,3.3,10.2,96.0,0.6026425654859288,5.699999999999999,345.044545045045,0.017578354454273425
53,Honduras,5.240800046539306,0.3966219720420838,0.07253109050941468,0.6564366235466004,142.0,4.625,5.6875,95.0625,0.81875,7874021.6875,72.99374999999999,Americas,Central America,85.1,57.0,112492.0,5.2,-39.13470993455075,44.25775315,2.8,8.3,90.4,153.0,0.47958016725451996,11.100000000000001,69.99628140223305,0.018033986396738637
54,Hungary,5.329399976348876,0.23053670386219022,0.03018738748192788,1.20407438685608,147.0625,0.5625,0.875,78.68566980093698,0.10000000000000002,10035224.75,73.82499999999999,Europe,Eastern Europe,99.1,31.2,93028.0,4.900840336134454,12.852506005688744,22.615707500000003,7.4,32.4,1.3,186.0,0.20886590451665976,39.8,107.87316453110891,0.014654629434183823
55,Iceland,7.511000037384034,0.6180345270652771,0.1401453118944168,1.3865226040802,49.375,0.0,0.0,78.68566980093698,0.10000000000000002,307688.875,82.44375000000001,Europe,Northern Europe,99.0,39.808800000000005,103000.0,3.9,264.36781738994586,0.316209476,6.7,21.0,0.3,47.0,0.08693451907918481,27.7,2.987270631067961,0.16047054024946467
56,India,4.297800011444092,0.4615394009990693,0.08847337705183031,0.7307142496299744,146.5625,1366.6875,1812.5,35.0,0.2562499999999999,1188606031.125,65.41874999999999,Asia,Southern Asia,62.8,33.4,3287590.0,9.6,7.483695381816967,23.114567182,16.4,25.8,3.5,30.0,0.5628670604374083,42.2,361.5432675987578,0.0001233062058933695
57,Indonesia,5.2520000167846685,0.4661606926403046,0.01290742709809542,0.9209697184677124,166.5625,151.1875,186.625,73.5625,0.20000000000000007,234355498.5,67.55625,Asia,South-Eastern Asia,92.8,34.0,1904569.0,7.7,-21.496478133785057,51.370910315,4.9,3.7,0.6,59.0,0.4940138279197284,8.600000000000001,123.04909850995159,0.0007107258036021715
58,Iraq,4.528400043487548,0.21642310653877264,0.1130911509375572,1.043188097091674,136.75,31.1875,38.0,64.875,0.10000000000000002,28733445.875,70.35625,Asia,Western Asia,78.5,30.9,438317.0,2.0,3.3325297257976505,1.89952109,2.1,1.2,8.0,110.0,0.5388450616542321,3.3,65.55403024523348,0.004759262101556067
59,Ireland,6.964400047302246,0.5721920684051514,0.29979163066291803,1.4604153278579723,72.4375,0.0,0.0,86.83333333333333,0.10000000000000002,4328174.875,80.15,Europe,Northern Europe,99.0,34.3,70273.0,0.6,62.709677413314104,10.982726085,5.2,16.9,1.2,88.0,0.11293153694573145,22.099999999999998,61.59086526831073,0.016736269234038283
60,Israel,7.142199964141847,0.41749972076606756,0.12087442001199722,1.303722484680176,59.5,0.9375,1.0,97.4375,0.10000000000000002,7294387.5,81.3,Asia,Western Asia,97.0,39.2,20770.0,3.9,16.3636363612518,7.097966727999999,2.3,9.8,1.8,223.0,0.10093555154296052,12.100000000000001,351.1982426576794,0.008156956290024352
61,Italy,6.022400045013428,0.2438161425361634,0.02811961828315258,1.3118313237838741,54.1875,2.0,2.3125,95.5,0.10000000000000002,58649866.6875,82.1875,Europe,Southern Europe,99.0,36.0,301336.0,1.2,22.583016646257505,31.634595771,1.9,7.6,0.9,106.0,0.06762716582086603,9.5,194.63279092939442,0.000923915143553923
62,Jamaica,5.661999974060058,0.49593944781112675,0.03603955620384216,0.8558578618927001,141.25,1.0,1.0,83.15384615384616,1.2375,2775027.3125,74.29375,Americas,Caribbean,87.0,45.5,10991.0,4.900840336134454,-2.420197337911578,31.048938135,0.7,1.8,39.3,152.0,0.4299606584688558,2.5,252.48178623419162,0.05090039992173951
63,Japan,5.9258000152587895,0.49347710919570914,0.1648421473169326,1.3377450356597902,57.125,2.875,4.0,78.68566980093698,0.10000000000000002,127628000.0,82.5375,Asia,Eastern Asia,99.0,38.1,377930.0,0.2,0.19776617564657428,68.566491113,10.1,26.9,0.3,51.0,0.13258973106578453,37.0,337.70274918635727,0.0004475898705613188
64,Jordan,5.179599993133545,0.407252229850769,0.13194065443754202,0.9097444788856505,114.3125,4.0,4.0,97.0,0.10000000000000002,6741024.25,72.9875,Asia,Western Asia,92.6,35.4,89342.0,6.4,-0.6082451075875017,1.09822032,1.9,2.2,2.0,95.0,0.4733821553206363,4.1,75.45190671800496,0.016957734575721188
65,Kazakhstan,5.838399953460694,0.4446288566474914,0.1064285772771836,1.1905052539291379,232.0625,7.125,8.0625,97.3125,0.10000000000000002,15860427.625,66.7625,Asia,Central Asia,99.7,29.0,2724900.0,5.8,-3.629456483820504,1.221543134,9.3,40.6,7.8,295.0,0.2672276538239542,49.900000000000006,5.820554011156372,0.014631541184565004
66,Kenya,4.449399994659424,0.4431347532100678,0.059578263843059545,0.49057189242935173,348.5625,65.875,98.625,74.57142857142857,8.7625,39512693.25,57.481249999999996,Africa,Eastern Africa,87.4,47.7,580367.0,5.8,-7.092772378831269,6.0529922339999995,8.4,24.4,6.4,121.0,0.5522023374087783,32.8,68.08225355680113,0.008821532305950822
67,Kuwait,6.148600003814698,0.5059975185203551,0.18218791006183618,1.555662490341186,83.25,0.5,1.0,98.1875,0.10000000000000002,2739635.5,73.84375000000001,Asia,Western Asia,93.3,39.808800000000005,17818.0,5.6,86.57142844050611,0.3664422,0.8,1.0,0.4,137.0,0.3873143831826569,1.8,153.7566225165563,0.030387254070842636
68,Kyrgyzstan,5.173400037384034,0.4679666777400969,0.03747583580064774,0.5423880152168274,173.6875,3.75,4.125,85.5625,0.11250000000000004,5338456.25,69.08125,Asia,Central Asia,99.2,36.2,199951.0,6.8,18.133971302470123,5.14911366,4.5,14.2,9.1,181.0,0.3528074924816522,18.7,26.698822461503067,0.03253515470881681
69,Latvia,5.676199980926514,0.3058755824890136,0.07121254532957079,1.185349724960328,161.8125,0.0,0.0,88.9375,0.10000000000000002,2169873.8125,73.73125,Europe,Northern Europe,82.42480620155038,36.6,64559.0,0.2,6.440058888398959,54.306851078,4.3,30.7,4.7,304.0,0.16664731211557082,35.0,33.61070977710312,0.0745723087987173
70,Lebanon,5.149599980926514,0.32179119700241077,0.05538876595354081,1.0350615061416621,65.3125,1.0,1.0,70.5,0.10000000000000002,4948819.4375,74.2,Asia,Western Asia,89.6,39.808800000000005,10452.0,5.0,4.625954161275447,13.397849462,0.6,1.2,2.2,118.0,0.38479071192366665,1.7999999999999998,473.4806197378492,0.013197592036817972
71,Lesotho,4.07900002193451,0.372582824807167,0.112283660004139,0.4643678117275237,550.0625,4.5,6.3125,73.23076923076923,22.968749999999996,2013639.4375,48.78124999999999,Africa,Southern Africa,89.6,52.5,30355.0,5.0,10.999999979507002,1.462450593,3.4,9.2,38.0,121.0,0.5406389102455846,12.6,66.33633462362049,0.2731683188937344
72,Liberia,3.8391999984741227,0.332934236486435,0.042557649814367306,0.08926035860967639,246.9375,10.6875,14.75,49.125,2.28125,3595973.6875,57.525,Africa,Western Africa,60.8,38.2,111369.0,5.2,-13.390139992171946,44.321013289,2.0,6.8,3.2,46.0,0.6511502966731089,8.8,32.28882083434349,0.06867055252889694
73,Libya,5.597000019073485,0.4402266460227966,0.12124604203605653,1.065826612869262,139.6875,2.1875,2.5,96.3125,0.10000000000000002,5959218.5625,72.48750000000001,Africa,Northern Africa,89.5,39.808800000000005,1759540.0,3.2,0.0,0.123327688,1.4,2.2,1.7,81.0,0.13402635669698493,3.6,3.386804825408914,0.023440573379708122
74,Lithuania,5.929799990081788,0.25558835698795324,0.01767512857061624,1.233202469573974,117.25,0.0,0.0,94.75,0.10000000000000002,3206170.1875,72.80624999999999,Europe,Northern Europe,82.42480620155038,37.6,65300.0,1.2,11.866749501289075,34.712959122,8.4,51.0,6.7,329.0,0.12468077040462865,59.4,49.09908403522205,0.03657011111173274
75,Luxembourg,6.935999983215332,0.5838315782127379,0.337420884803772,1.6376747195587158,67.5625,0.0,0.0,92.375,0.10000000000000002,491467.1875,80.78125,Europe,Western Europe,100.0,30.8,2586.0,4.900840336134454,2.963996994472992,33.494208494,4.4,13.0,0.8,122.0,0.099852288899549,17.4,190.04918310131478,0.13747102902978647
76,Madagascar,3.745400010681152,0.1773753530845642,0.06270639509916306,0.2659177386341094,228.8125,34.9375,51.125,63.357142857142854,0.525,19819911.375,62.74375,Africa,Eastern Africa,64.5,44.1,587041.0,8.8,-9.191148106134882,21.380383125,6.9,15.2,11.1,87.0,0.4073482129411909,22.1,33.76239713239791,0.011544577353086172
77,Malawi,3.883000005722046,0.4571509307556152,0.07742433080148696,0.14271440765953064,424.4375,37.125,58.75,89.57142857142857,16.68125,13697861.5,49.893750000000004,Africa,Eastern Africa,74.8,39.0,118484.0,18.4,-18.60882957188048,33.633856597,8.9,23.9,1.8,76.0,0.6111131545471626,32.8,115.60937763748692,0.030985676121780034
78,Malaysia,5.904000022125244,0.43736299649238575,0.06888414162540436,1.209899083953858,118.5625,3.3125,4.125,96.0,0.10000000000000002,26882423.0,73.75625000000001,Asia,South-Eastern Asia,93.1,46.2,330803.0,2.2,-9.356453348279702,61.733069548,1.5,4.7,2.3,132.0,0.209,6.2,81.2641451256488,0.004410409731295427
79,Mali,4.219000011444092,0.3329247486610412,0.09459204931068418,0.36096809876632696,202.125,55.9375,96.5,67.15384615384616,1.8249999999999997,13992397.875,54.9375,Africa,Western Africa,33.4,33.0,1240192.0,0.1,-12.364980071467054,10.106622739,2.7,7.2,7.5,36.0,0.6767358899668768,9.9,11.282444875470896,0.014445343950741539
80,Malta,6.533999990081787,0.5902714103393554,0.1514932137775422,1.2856999677124021,60.75,0.0,0.0,80.53846153846153,0.10000000000000002,410814.875,80.36250000000001,Europe,Southern Europe,92.4,39.808800000000005,316.0,1.0,0.0,0.9375,0.7,11.1,2.8,145.0,0.2265732293454379,11.799999999999999,1300.04707278481,0.14787682651461928
81,Mauritania,4.354999963378907,0.132043608604908,0.1344234009332656,0.5686874577484129,159.9375,7.8125,11.9375,57.63636363636363,1.1875000000000004,3283091.5625,62.8,Africa,Western Africa,58.6,40.5,1030700.0,4.6,-44.09638547095177,0.225089745,1.5,4.5,5.0,45.0,0.610451396802838,6.0,3.1853027675366254,0.04871551613937054
82,Mauritius,5.7066000373840335,0.519071465227127,0.05588431103634833,1.11014510938263,163.5625,0.0,0.0,96.1875,0.10625000000000002,1234778.875,72.7125,Africa,Eastern Africa,88.8,39.808800000000005,2040.0,3.5,-9.690721636323731,17.261083744,2.9,13.2,2.8,202.0,0.4187694317894437,16.099999999999998,605.283762254902,0.1324629885654628
83,Mexico,6.725200013732911,0.4367260016727448,0.13948882292175296,1.079360763572692,111.0625,39.625,46.5,94.4375,0.10000000000000002,110162303.875,75.71874999999999,Americas,Central America,93.5,47.0,1964375.0,4.0,-8.250558388443885,33.175544638000005,1.7,7.1,21.5,210.0,0.3728112102648987,8.799999999999999,56.080078332803055,0.001008171544106607
84,Mongolia,5.02919998474121,0.3804247937641144,0.03248245783638954,0.941191173118592,222.125,1.5625,1.9375,97.4375,0.10000000000000002,2646595.0,65.8875,Asia,Eastern Asia,97.4,36.5,1564110.0,8.2,-14.37460115242266,6.909292206,3.7,16.3,9.7,287.0,0.3253526964586527,20.0,1.6920772835670126,0.08392859504382046
85,Montenegro,5.291999997711182,0.1969398110790252,0.10386883881950379,1.0483778071899421,92.75,0.0,0.0,48.5,0.10000000000000002,615843.4375,74.5,Europe,Southern Europe,98.5,30.0,13812.0,4.0,4.953970567100896e-09,40.371747211999995,6.4,24.7,2.7,208.0,0.17109221695090826,31.1,44.58756425571966,0.15060645994137106
86,Morocco,5.172200026702879,0.3919056664218902,0.08145263656377792,0.8066969162216185,95.1875,21.375,24.875,87.25,0.10000000000000002,31506341.875,72.15624999999999,Africa,Northern Africa,68.5,40.9,446550.0,2.0,2.020202009487626,11.54156397,1.2,9.9,2.2,220.0,0.5248658311522189,11.1,70.55501483596461,0.003021217137097418
87,Mozambique,4.601000047683715,0.46154027297973627,0.15786659640789028,0.179846412498951,226.25,74.5625,107.25,67.86666666666666,11.3875,22114304.875,53.393750000000004,Africa,Eastern Africa,56.1,45.7,801590.0,4.4,-11.016644375176964,49.08466644600001,21.1,34.2,12.4,65.0,0.5906798909982478,55.300000000000004,27.58804984468369,0.01023093428795826
88,Myanmar,4.383000015258789,0.4973164069824218,0.18631724093341823,0.474262110080719,154.3125,56.625,76.9375,65.46153846153847,0.47500000000000003,49764496.9375,64.2,Asia,South-Eastern Asia,92.7,39.808800000000005,676578.0,5.7,-20.532097795049697,47.687550705,10.3,16.5,15.2,120.0,0.4134011086343872,26.8,73.55322954263957,0.003100855218004182
89,Namibia,4.556999970436094,0.4816108868455888,0.0792817430895567,0.9125760814237596,313.1875,2.875,3.8125,86.33333333333333,13.64375,2036838.75,60.400000000000006,Africa,Southern Africa,88.8,63.9,825615.0,5.8,-18.49349460897267,8.674464647999999,1.4,4.4,17.2,191.0,0.4009892328064848,5.800000000000001,2.4670563761559565,0.15376155819894924
90,Nepal,4.812399978637695,0.4316491896514892,0.07382510922431947,0.43141003837203984,147.25,29.125,38.125,65.38461538461539,0.15625,26071394.875,66.48125,Asia,Southern Asia,57.4,32.8,147181.0,9.5,-24.701631157598072,25.364492500999997,20.0,30.1,2.9,48.0,0.4885701409436735,50.1,177.13831863487815,0.005647952505264642
91,Netherlands,7.4045999710083,0.5896508976211547,0.29861436508369443,1.4110129270782479,61.625,1.0,1.0,48.2,0.10000000000000002,16457758.875,81.13125,Europe,Western Europe,99.0,30.9,41850.0,2.5,5.922602189956794,10.824436535999999,4.8,11.7,0.9,82.0,0.0624059806438122,16.5,393.2558870967742,0.0037444344924515123
92,New Zealand,7.313000025939942,0.6177824260902404,0.4000153404254914,1.3175092096023557,71.5,0.0,0.0,70.1875,0.10000000000000002,4224775.0,81.33749999999999,Oceania,Australia and New Zealand,99.0,36.2,270467.0,1.3,6.893782371915913,31.340245338000003,5.0,14.4,0.9,192.0,0.1572014980711076,19.4,15.620297485460334,0.016923978200022487
93,Nicaragua,6.027400019836426,0.4860243693008422,0.14835559636878962,0.6772778407745361,162.375,3.0625,3.6875,91.875,0.22499999999999998,5636535.75,73.45,Americas,Central America,78.0,40.5,130373.0,5.7,-34.11608330279664,24.713312281999997,4.9,15.4,11.3,153.0,0.4485477242778404,20.3,43.23391921640217,0.028807588065062836
94,Niger,4.104599975585939,0.385797739282608,0.13354458923816678,0.12660506615161898,232.4375,52.8125,105.6875,60.57142857142857,1.1624999999999999,15232170.9375,56.98125,Africa,Western Africa,19.1,34.6,1267000.0,4.900840336134454,-39.37275066154498,0.93092287,1.9,5.3,4.7,42.0,0.7132283014776746,7.199999999999999,12.022234362667719,0.01525964361572147
95,Nigeria,5.127399976348877,0.380966513086319,0.03398431321442128,0.7150532512207033,248.5,535.6875,852.0625,42.90909090909091,4.83125,149604877.25,51.35625000000001,Africa,Western Africa,61.3,48.8,923768.0,8.7,-52.2931414522209,9.027306565,2.9,10.3,20.0,32.0,0.3731807821017623,13.200000000000001,161.95070326099193,0.0016610421034919836
96,Norway,7.541000035858154,0.6380485174789428,0.34395076690483106,1.519380636871338,66.25,0.0,0.0,78.68566980093698,0.10000000000000002,4784754.75,81.79375,Europe,Northern Europe,100.0,25.8,323802.0,1.9,11.9145673730521,27.973433205,5.2,13.0,2.2,72.0,0.06744300174215268,18.2,14.776791835751478,0.013846059717062825
97,Oman,6.853,0.63274,0.32524000000000003,1.36011,67.75,1.0,1.0,98.8125,0.10000000000000002,2934736.0,74.84375,Asia,Western Asia,86.9,39.808800000000005,309500.0,1.6,0.0,0.006462036,0.6,1.2,1.1,61.0,0.27534501612498,1.7999999999999998,9.482184168012925,0.02308555181794887
98,Pakistan,5.344000010681151,0.229891052315712,0.1157576133494378,0.667894706123352,154.0,367.9375,461.0,67.3076923076923,0.10000000000000002,170186406.3125,64.5,Asia,Southern Asia,54.9,30.0,881912.0,7.7,-36.64424216912533,2.07684724,9.6,9.1,7.7,39.0,0.5358541511640188,18.7,192.97436287577446,0.0009048901339230457
99,Panama,6.53800002822876,0.5388793668022156,0.0729827847943306,1.1482676871948239,115.875,1.125,1.6875,78.66666666666667,0.12500000000000003,3490223.625,76.4875,Americas,Central America,94.1,51.9,75417.0,4.1,-14.889240509552062,43.414043584,1.3,8.1,17.2,411.0,0.4539178730837578,9.4,46.27900373920999,0.03319987841753263
100,Paraguay,5.666600006103516,0.5059695583515168,0.0802891826877594,0.8552234634552001,139.9375,3.1875,3.6875,82.15384615384616,0.1375,6026887.1875,73.1125,Americas,South America,93.9,52.4,406752.0,2.3,-18.58581084725548,43.354643846,3.2,9.1,9.7,118.0,0.4718294767345951,12.3,14.817105232426638,0.02321886832231336
101,Peru,5.728400030517578,0.4449965757808686,0.04417181730818748,0.96508705443573,122.4375,11.8125,15.125,83.6923076923077,0.29374999999999996,28446670.0625,73.66250000000001,Americas,South America,94.2,48.1,1285216.0,4.900840336134454,-3.5121728718855216,52.884375,2.1,4.4,9.6,202.0,0.4059152317769881,6.5,22.13376589032505,0.004304106587203119
102,Philippines,5.387399965667724,0.5920409348945617,0.11033837860536574,0.7914378430824279,217.9375,61.1875,78.8125,62.125,0.10000000000000002,90123518.5,67.57499999999999,Asia,South-Eastern Asia,95.4,43.0,342353.0,2.8,18.33485540722377,26.074387095,1.2,4.8,8.8,111.0,0.4195935472743303,6.0,263.24734557605746,0.0024182089606277412
103,Poland,5.980800009918212,0.5064924223175049,0.05408556123876572,1.2090375725555418,107.5625,2.25,2.6875,97.375,0.10000000000000002,38127253.1875,75.65,Europe,Eastern Europe,99.7,34.1,312679.0,1.0,5.775778709716373,30.670106459,3.8,30.5,1.2,217.0,0.13778412802117546,34.3,121.93736447762721,0.002821144745755362
104,Portugal,5.304600034332276,0.5060850599212646,0.01677189033734798,1.23203105897522,58.875,0.1875,0.375,87.625,0.10000000000000002,10473242.25,79.99375,Europe,Southern Europe,95.4,38.5,92090.0,4.900840336134454,4.003502487438926,37.816355496999996,3.5,13.6,1.2,136.0,0.1109657150992922,17.1,113.72833369529808,0.005621468366207227
105,Qatar,6.4218,0.6040641966705322,0.35597385112190244,1.743691137207032,75.375,0.0,0.0,95.0625,0.10000000000000002,1433212.5,77.03125,Asia,Western Asia,96.3,41.1,11586.0,3.1,2.963996994472992,0.0,1.2,5.7,1.1,60.0,0.5240978640987901,6.9,123.7020973588814,0.05259164290012821
106,Romania,5.698399961853028,0.4329607484912872,0.004733580139786007,1.14176678226471,156.0625,2.8125,3.25,91.8125,0.10000000000000002,20862126.375,74.05000000000001,Europe,Eastern Europe,82.42480620155038,30.0,238391.0,4.900840336134454,4.009451870250369,28.892270236999998,2.9,18.4,1.7,155.0,0.3330060041735218,21.299999999999997,87.51222309147578,0.007480661232453109
107,Rwanda,3.4385999912261958,0.5816107705993653,0.4734680027713776,0.322057178647995,246.8125,20.75,32.0625,96.0,4.425000000000001,9527549.4375,59.3125,Africa,Eastern Africa,71.1,50.8,26338.0,5.9,43.0817610005807,18.443453587,7.2,17.1,23.1,492.0,0.4004785598804129,24.3,361.7415687409826,0.025905139786371222
108,Saudi Arabia,6.37599997253418,0.4174541144886016,0.231550450958252,1.439512711036682,52.125,8.625,10.0,96.8125,0.10000000000000002,25800660.9375,73.46875,Asia,Western Asia,87.2,39.808800000000005,2149690.0,3.7,0.0,0.454484135,0.2,0.6,0.8,162.0,0.2842722791659432,0.8,12.002037939191233,0.0020202970817789732
109,Senegal,4.393999969482422,0.35084045334434505,0.09868008959341038,0.433285804485321,174.1875,22.3125,36.625,86.41666666666667,0.53125,11976118.375,62.56875,Africa,Western Africa,49.7,39.2,196722.0,0.8,-10.218009892060898,43.593206253999995,2.8,8.6,2.8,64.0,0.5282173728139501,11.399999999999999,60.87838866522301,0.01454457066520103
110,Serbia,5.339199996185302,0.22739310564994822,0.038492756121873854,1.000643515853882,130.4375,1.0,1.0625,90.75,0.10000000000000002,7342481.125,73.95625,Europe,Southern Europe,98.0,27.8,88361.0,2.2,21.392131413770546,32.103818889,5.8,19.9,1.2,142.0,0.17558570742889568,25.7,83.09640141012437,0.01776477157780913
111,Sierra Leone,4.5592000221252444,0.33958953819274895,0.06778303520822526,0.317502185743332,357.8125,27.5625,41.875,83.44444444444444,1.5187499999999998,5972174.625,46.1125,Africa,Western Africa,43.3,42.5,71740.0,11.1,-13.829377802392695,37.223607648000005,4.5,11.0,1.9,52.0,0.6501172705695191,15.5,83.24748571229439,0.05991326819248859
112,Singapore,6.542800005340576,0.553412113899231,0.46725555700683596,1.592137533981324,62.0,0.0,0.0,95.875,0.10000000000000002,4730173.6875,81.47500000000001,Asia,South-Eastern Asia,95.9,48.1,710.0,5.2,-4.285714280304342,3.285714286,5.3,9.8,0.2,230.0,0.08812941806400587,15.100000000000001,6662.216461267606,0.013107341103317573
113,Slovakia,6.108400009918212,0.3070474929180146,0.02319817032790184,1.246006711509704,118.0625,0.0,0.125,98.5625,0.10000000000000002,5389344.3125,74.75,Europe,Eastern Europe,99.6,26.0,49037.0,1.7,0.6182344127903194,40.205456663,2.5,18.5,1.4,187.0,0.16362855220071892,21.0,109.90363016701674,0.021906653788322048
114,Slovenia,5.887999979400634,0.5819531615142822,0.045469795757770534,1.2605311909103398,76.4375,0.0,0.0,78.68566980093698,0.10000000000000002,2024922.375,79.73125,Europe,Southern Europe,99.7,31.2,20273.0,1.8,5.808080802952143,62.413108242,4.4,20.8,0.7,66.0,0.016422271621188592,25.200000000000003,99.88271962709022,0.03774836060073661
115,South Africa,4.67519999923706,0.428229347114563,0.07129989948081969,0.9798697411346439,412.75,48.6875,69.8125,66.5,18.493750000000002,49757733.5625,57.49999999999999,Africa,Southern Africa,93.0,63.1,1221037.0,4.900840336134454,0.0,7.617736524,1.1,5.5,31.0,294.0,0.4070893843934621,6.6,40.75038967901874,0.008295192936823589
116,South Sudan,3.3825000200271598,0.11642060893654825,0.11098587832450874,0.3585471564388275,346.3125,27.75,43.25,31.0,3.6937499999999996,8512525.0625,53.875,Africa,Middle Africa,27.0,45.5,619745.0,4.900840336134454,-9.724267931453817,31.055980025,12.8,27.1,13.9,65.0,0.44962650918352187,39.900000000000006,13.735528422980419,0.04068269960526768
117,Spain,6.351399975585938,0.4109482460899354,0.06985281942605973,1.298807572868348,63.625,1.625,1.875,92.5,0.10000000000000002,44574506.9375,82.06875,Europe,Southern Europe,97.7,34.7,505992.0,1.8,34.234712107768694,37.139775461,2.2,8.2,0.8,147.0,0.09535602698025647,10.399999999999999,88.09330372318139,0.0014273853906945418
118,Sri Lanka,4.392600011444092,0.5323286509857178,0.06841679323768615,0.937054028877258,144.375,4.0,4.75,90.61538461538461,0.10000000000000002,19873244.125,73.4,Asia,Southern Asia,91.2,40.3,65610.0,4.7,-22.093617025371348,29.194705789,12.8,46.4,3.4,132.0,0.3697518516955727,59.2,302.8996208657217,0.007264792758137569
119,Sudan,4.24174998474121,0.0329514638198167,0.10470937999844548,0.60406917304039,240.3125,64.625,96.625,72.36363636363636,0.25000000000000006,32842737.75,61.825,Africa,Northern Africa,71.9,35.3,1886068.0,25.0,-27.894474303190627,23.179802189,11.5,23.0,11.2,56.0,0.5909205023688421,34.5,17.413337032386956,0.007317066616957047
120,Suriname,6.269,0.5594549999999999,0.131625,1.0461,166.0,0.0,0.0,85.27272727272727,0.7625,514551.25,70.08125,Americas,South America,94.7,52.9,163820.0,4.2,-0.17054683529678094,94.556410256,11.9,44.5,6.1,186.0,0.4625654054571283,56.4,3.1409550115980953,0.32261120733843324
121,Swaziland,4.5395,0.30979,0.0828,0.76153,339.0,2.625,3.6875,76.0,32.94375,457303.0625,51.324999999999996,Africa,Southern Africa,82.42480620155038,51.5,17364.0,4.900840336134454,21.14406777683029,33.244186047,4.1,8.6,33.8,284.0,0.5572248294635701,12.7,26.33627404399908,0.7413027110440573
122,Sweden,7.319199983978272,0.6175808197937013,0.39750174572181696,1.403981453804016,59.1875,0.0,0.0,59.2,0.10000000000000002,9241468.5,82.51875,Europe,Northern Europe,99.0,25.0,450295.0,0.0,4.1410175647238034,69.237001031,6.1,16.2,0.7,67.0,0.054730397102872086,22.299999999999997,20.523142606513506,0.006404555726181396
123,Switzerland,7.511399991607666,0.6206421153335573,0.3797634570713044,1.472163910644532,55.75,0.0,0.0,78.68566980093698,0.10000000000000002,7661607.125,82.33125,Europe,Western Europe,99.0,33.7,41284.0,-0.4,8.56741640883676,31.612511388,5.1,13.6,0.6,82.0,0.0278476453019586,18.7,185.58296495010174,0.007276541212624498
124,Tajikistan,5.097799977874756,0.41176134137916554,0.12203742924880981,0.4741067270889282,177.5625,10.6875,12.75,84.42857142857143,0.2562499999999999,7211330.5625,66.65625,Asia,Central Asia,99.7,30.8,143100.0,3.7,0.490196075572702,2.929408402,2.8,5.7,1.6,130.0,0.3572628480550729,8.5,50.39364474143955,0.024622709839894404
125,Thailand,6.28659995727539,0.5652741463508606,0.029762547048330302,1.050013754310608,160.375,12.125,14.125,97.0,0.3875,66172613.375,73.08125,Asia,South-Eastern Asia,93.5,40.0,513120.0,2.2,-2.800143241440345,37.193133551,4.5,19.1,5.0,398.0,0.3796197295116237,23.6,128.96128269215777,0.0024235857074459996
126,Togo,3.5441999771118162,0.36374722772789003,0.10096900305604932,0.26587094348144535,311.3125,14.1875,21.4375,76.625,3.8625000000000003,6051177.75,56.66250000000001,Africa,Western Africa,60.4,34.4,56785.0,2.2,-60.99270072860558,4.91266777,2.8,8.5,10.3,64.0,0.588147782078269,11.3,106.56296116932289,0.05144659649107151
127,Trinidad and Tobago,6.168000073750814,0.5206669143422443,0.010924938702781996,1.2996353002548233,163.375,0.0,0.25,54.92857142857143,0.625,1314254.9375,71.06875,Americas,Caribbean,98.8,40.3,5130.0,5.4,-6.539260484523868,43.851851851999996,6.2,20.4,28.3,281.0,0.3714360934842641,26.599999999999998,256.1900462962963,0.12430997619896711
128,Tunisia,4.728399965667724,0.24517813791465765,0.07000062976455687,0.9373271612396239,18.75,3.25,3.6875,96.75,0.10000000000000002,10394632.6875,74.35625000000002,Africa,Northern Africa,79.1,41.4,163610.0,6.1,61.55520995979935,6.686405767,1.4,3.4,2.2,199.0,0.24042843294652014,4.8,63.53299118330175,0.0018038155424720005
129,Turkey,5.4154,0.25735611992645263,0.11912231597948073,1.151034874801636,98.375,26.9375,32.25,87.0625,0.10000000000000002,70360875.8125,73.9125,Asia,Western Asia,94.1,39.0,783562.0,7.6,19.541322328765,15.035276690999998,4.2,11.8,2.6,179.0,0.3588383549789167,16.0,89.79618181139463,0.0013981491683269119
130,Turkmenistan,5.582200005340576,0.41589038580513,0.1834760680408478,1.047483352592468,214.8125,6.5625,8.0625,97.28571428571429,0.10000000000000002,4959698.125,64.61874999999999,Asia,Central Asia,99.6,40.8,488100.0,9.0,0.0,8.782159045,7.5,32.5,12.8,224.0,0.35914679899765184,40.0,10.161233609916001,0.043311607800726785
131,Uganda,4.020199970245362,0.4285971910572052,0.0630319437675476,0.31872814306449904,300.1875,89.6875,138.875,63.42857142857143,7.65,30305661.0625,55.70625,Africa,Eastern Africa,73.2,44.3,241550.0,6.2,-40.82087981830517,14.071367799,12.3,26.9,10.7,97.0,0.5380900212399793,39.2,125.46330392258332,0.00990532756836807
132,Ukraine,4.307200038909912,0.16875895514631284,0.01838589416325092,0.835918389881134,205.75,5.0625,5.9375,54.625,0.5375,46694111.625,69.9375,Europe,Eastern Europe,99.7,26.4,603700.0,0.7,5.213556868461233,16.842159774000002,5.3,30.3,4.3,305.0,0.286440560310559,35.6,77.34654898956435,0.0044063371769951735
133,United Arab Emirates,6.744199952697754,0.5388130540313719,0.3119823909258842,1.64522667389679,67.0625,1.0,1.0,93.875,0.10000000000000002,6442093.875,75.7,Asia,Western Asia,90.0,39.808800000000005,83600.0,1.3,30.375510180516248,3.820813397,1.7,3.9,0.7,238.0,0.2321717133485305,5.6,77.05853917464115,0.01041004699733594
134,Uruguay,6.4311999992370605,0.574978450870514,0.18851637454414363,1.135557939048768,119.9375,0.5625,0.75,94.3125,0.10000000000000002,3349644.25,76.075,Americas,South America,98.1,39.7,181034.0,8.3,99.3043478347222,10.476516969,5.2,20.0,7.9,281.0,0.3128204917762437,25.2,18.502846150446878,0.03580604119377752
135,Uzbekistan,6.0462000389099115,0.6559877325897217,0.2674236446313858,0.7237582175445556,184.8125,21.9375,25.6875,95.64285714285714,0.20625,27555515.625,68.03125,Asia,Central Asia,99.4,36.7,447400.0,10.1,7.3136289105762975,7.681476257999999,4.1,13.2,3.7,152.0,0.5147625958728085,17.299999999999997,61.59033443227537,0.006706914960877275
136,Yemen,3.6257999870300304,0.244174744421959,0.06704548454117774,0.4893126894721984,211.8125,39.375,51.625,55.6875,0.10000000000000002,21730407.125,63.862500000000004,Asia,Western Asia,65.3,37.7,527968.0,11.8,0.0,1.039831809,3.0,4.3,4.8,55.0,0.7439604478142179,7.3,41.158568559079335,0.009747286315511219
137,Zambia,4.584399987792968,0.46209869849967966,0.09733671003007886,0.5717613558578492,354.3125,33.4375,52.375,69.81818181818181,11.931249999999999,12861470.25,53.90624999999999,Africa,Eastern Africa,61.4,54.6,752612.0,7.1,-6.9416666696233245,66.095589125,10.8,20.8,10.7,119.0,0.5868138686813614,31.6,17.08911132163718,0.027548366797334075
138,Zimbabwe,4.006600000000001,0.3232568414020538,0.08999707628202439,0.3440513069934844,462.375,26.5625,40.8125,70.5625,23.262500000000003,12682429.875,50.48749999999999,Africa,Eastern Africa,82.42480620155038,39.808800000000005,390757.0,4.900840336134454,-32.45804006184042,38.697169446,9.7,27.2,10.6,129.0,0.5039759029506303,36.9,32.45605293059369,0.036457918912798246
